gene,mean_SHAP,mean_abs_SHAP
chr19-3284787-3285927,0.055468176,0.8675568
